,listingId,headline,2022-01-18,2022-01-19,2022-01-20,2022-01-21,2022-01-22,2022-01-23,2022-01-24,2022-01-25,2022-01-26,2022-01-27,2022-01-28,2022-01-29,2022-01-30,2022-01-31,2022-02-01,2022-02-02,2022-02-03,2022-02-04,2022-02-05,2022-02-06,2022-02-07,2022-02-08,2022-02-09,2022-02-10,2022-02-11,2022-02-12,2022-02-13,2022-02-14,2022-02-15,2022-02-16,2022-02-17,2022-02-18,2022-02-19,2022-02-20,2022-02-21,2022-02-22,2022-02-23,2022-02-24,2022-02-25,2022-02-26,2022-02-27,2022-02-28,2022-03-01,2022-03-02,2022-03-03,2022-03-04,2022-03-05,2022-03-06,2022-03-07,2022-03-08,2022-03-09,2022-03-10,2022-03-11,2022-03-12,2022-03-13,2022-03-14,2022-03-15,2022-03-16,2022-03-17
0,321.65673.65673,"52nd Floor MagMile Penthouse - VIEWS, Fireplace, Fitness Center, Pool, WiFi",109,109,109,149,149,149,109,109,109,109,149,149,132,109,132,149,149,199,199,149,149,149,133,133,178,179,134,134,134,134,134,179,181,135,149,149,149,149,199,199,149,149,179,179,179,229,229,179,179,179,179,179,229,229,179,179,179,179,179
1,121.9581299.8661089,Sonder at Grant Park | Spacious One-Bedroom Apartment w/ City View,129,112,129,359,189,105,125,123,105,110,188,210,111,105,106,107,120,163,179,106,106,106,107,111,200,210,234,132,105,112,125,244,265,156,133,119,128,166,240,206,120,105,107,107,119,221,265,136,130,157,165,132,213,229,144,178,153,169,208
2,321.1750725.2312232,"Walk to Wrigley, Eats | Balcony + W&D | Zencity",,,,,,,,,,,,,,,,,,,,,,,,,,,,,,,,,,,,,,,,,,,,,,,,,,,,,,,,,,,
3,321.1871271.2433782,Lincoln Park Light Filled Loft,183,183,183,199,199,183,183,183,183,183,190,190,175,175,175,175,175,190,190,175,175,175,175,175,190,190,175,175,175,175,175,199,199,183,183,183,183,183,199,199,183,183,183,183,183,199,199,183,183,183,183,183,199,199,183,183,183,183,183
4,321.2617748.3188270,"Amazing Gold Coast 1BR w/ Doorman & Gym, 2 blocks to L, by Blueground",117,117,117,117,117,117,117,117,117,117,117,117,117,117,130,130,130,130,130,130,130,130,130,130,130,130,130,130,130,130,130,130,130,130,130,130,130,130,130,130,130,130,134,134,134,134,134,134,134,134,134,134,134,134,134,134,134,134,134
5,321.411255.411255,"51st Floor MagMile Penthouse - VIEWS, Fireplace, Balcony, Pool, WiFi",129,129,129,179,179,123,123,123,123,129,172,179,129,129,134,134,134,189,189,128,128,128,134,134,182,182,134,134,134,134,134,189,189,134,134,134,134,134,189,189,134,134,179,179,179,229,229,179,179,179,179,179,229,229,179,179,179,179,179
6,321.2510770.3080632,Condo/Home Office/Quiet Location/Walkable/Fast WiFi,102,102,102,132,132,102,102,102,102,102,132,132,102,102,102,102,102,132,132,102,102,102,102,102,132,132,102,102,102,102,102,132,132,102,102,102,102,102,132,132,102,102,102,102,102,132,132,102,102,102,102,102,132,132,102,102,102,102,102
7,121.9580010.8659800,Sonder | South Wabash | Superior One-Bedroom Apartment w/ Balcony,113,107,119,150,142,104,104,104,114,116,160,142,104,106,106,109,112,152,131,107,107,112,103,110,154,181,101,101,106,109,119,169,179,104,104,96,103,130,172,159,96,96,101,101,148,200,204,108,97,109,110,108,145,159,120,167,156,160,227
8,321.1852679.2415188,Your brand new Artist home in Chicago (unit 1F),86,86,86,86,86,86,86,86,86,86,86,86,86,86,86,86,86,75,75,75,75,75,75,75,75,75,75,75,75,75,75,75,75,75,75,75,75,75,75,75,75,75,79,79,79,79,79,79,79,79,79,79,79,79,79,79,79,79,79
9,121.9578313.8658103,Sonder | South Wabash | Studio Apartment w/ City View,112,120,123,171,148,114,83,83,90,86,129,133,100,99,103,106,115,142,124,103,91,92,92,93,145,134,111,112,93,94,113,160,164,96,92,100,100,97,149,128,91,83,83,83,83,126,164,93,88,95,83,83,125,203,195,184,161,134,166
10,321.2288737.2853633,"Bright, Clean, High-Rise Studio 5 min walk from Lake, MM & WaterTower-Gold Coast",120,120,120,120,120,120,120,120,120,120,120,120,120,120,172,172,172,172,172,172,172,172,172,172,172,172,172,172,172,172,172,172,172,172,172,172,172,172,172,172,172,172,172,172,172,172,172,172,172,172,172,172,172,172,172,172,172,172,172
11,321.2293588.2859593,"52nd floor, VIEW, Pool, Balcony, Fitness Center, Grocery Store ",93,93,107,137,142,108,104,105,91,91,126,146,106,105,105,105,105,145,145,105,105,105,105,105,145,145,234,213,179,159,168,216,145,105,105,105,105,105,145,145,105,105,105,105,105,145,343,187,210,262,262,221,217,248,273,212,192,206,192
12,321.883506.1431446,One half block from Lincoln Park and the zoo,175,175,195,195,195,195,175,175,175,195,195,195,195,175,175,175,195,195,195,195,175,175,175,195,195,195,195,175,175,175,195,195,195,195,175,175,175,195,195,195,195,175,175,175,195,195,195,195,175,175,175,195,195,195,195,175,175,175,195
13,121.7886159.7647456,"Logan Square 2 BR/1 BA-modern, near METRA",68,68,78,80,80,80,68,68,68,78,80,80,80,68,68,68,78,80,80,80,68,68,68,78,80,80,80,68,68,68,82,95,95,95,95,72,72,78,80,80,80,68,68,68,78,80,80,80,68,68,68,78,80,95,95,95,72,72,82
14,121.7399612.6772075,Bella Villa on Taylor Street Chicago‚Äôs Little Italy 1 mile west the Loop & UIC ,99,99,100,200,200,100,100,100,160,160,160,160,100,100,100,100,100,166,166,100,100,100,100,100,184,184,100,100,100,100,100,171,171,100,100,100,100,100,177,173,100,100,160,160,160,250,250,160,160,180,180,180,250,250,160,180,180,180,180
15,321.2285611.2850501,Charming Private Bedroom. Heart of Logan Square. ,90,90,90,90,90,90,90,90,90,90,90,90,90,90,90,90,90,90,90,90,90,90,90,90,90,90,90,90,90,90,90,90,90,90,90,90,90,90,90,90,90,90,90,90,90,90,90,90,90,90,90,90,90,90,90,90,90,90,90
16,321.2267402.2832274,üî∏‚≠êÔ∏èGold Coast Luxury Home w/Rooftop Pool and Gym‚≠êÔ∏èüî∏,,,,,,,,,,,,,,,,,,,,,,,,,,,,,,,,,,,,,,,,,,,,,,,,,,,,,,,,,,,
17,321.2267289.2832161,‚ú®üí´Luxury Gold Coast Home w/ Rooftop Pool and Gymüí´‚ú®,149,149,149,199,199,169,149,149,149,149,199,199,169,149,149,149,149,199,199,169,149,149,149,149,199,199,169,149,149,149,149,199,199,169,149,149,149,149,199,199,169,149,149,149,149,199,199,169,149,149,149,149,199,199,169,149,149,149,149
18,321.2411079.2978769,Designer Loft on the River,140,140,140,140,140,140,140,140,140,140,140,140,140,140,140,140,140,140,140,140,140,140,140,140,140,140,140,140,140,140,140,140,140,140,140,140,140,140,140,140,140,140,140,140,140,140,140,140,140,140,140,140,140,140,140,140,140,140,140
19,321.2011371.2575888,Welcome to your home away from home,80,85,85,89,89,90,80,80,85,85,89,89,90,80,80,85,85,89,89,90,80,80,85,85,89,89,90,80,80,85,85,89,89,90,80,80,85,85,89,89,90,80,80,85,85,89,89,90,80,80,85,85,89,89,90,80,80,85,85
20,321.2379404.2945932,"Fun & Spacious Loft, Near major attractions and Free parking PS4",130,130,130,130,130,130,130,130,130,130,130,130,130,130,130,130,130,130,130,130,130,130,130,130,130,130,130,130,130,130,130,135,150,130,130,130,130,130,130,130,130,130,130,130,130,130,143,130,130,130,130,130,132,158,130,130,130,130,130
21,321.1997590.2562107,Down Town private sleeping PODS rooms in Hotel BnB for 20% to 50% discounted.,79,79,79,94,94,79,79,79,79,79,94,94,79,79,79,79,79,94,94,79,79,79,79,79,94,94,79,79,79,79,79,94,94,79,79,79,79,79,94,94,79,79,79,79,79,94,94,79,79,79,79,79,94,94,79,79,79,79,79
22,121.4847421.5852486,New 3BR Residence Adjacent to Wrigley Field | Outdoo Patio | BBQ Grill,50,50,50,50,50,50,50,50,50,50,50,50,50,50,75,75,75,75,75,75,75,75,75,75,75,75,75,75,75,75,75,75,75,75,75,75,75,75,75,75,75,75,125,125,125,125,125,125,125,125,125,125,125,125,125,125,125,125,125
23,321.1391869.1950228,Portrait Room In Logan  Square,98,98,98,120,120,120,98,98,98,98,120,120,120,98,98,98,98,120,120,120,98,98,98,98,120,120,120,98,98,98,98,120,120,120,98,98,98,98,120,120,120,98,98,98,98,120,120,120,98,98,98,98,120,120,120,98,98,98,98
24,321.708795.1256733,Roscoe Village Inn | Guesthouse | Walk to Chicago's Wrigley Field,159,159,159,199,199,179,179,159,159,159,199,199,179,179,159,159,159,199,199,179,179,159,159,159,199,199,179,179,159,159,159,199,199,179,179,159,159,159,199,199,179,179,159,159,159,199,199,179,179,159,159,159,199,199,179,179,159,159,159
25,321.2449258.3017727,Lincoln Park Hideaway 1Bed/1Bath,102,106,112,144,145,105,103,105,108,111,143,146,110,101,102,104,114,154,158,113,108,106,106,113,139,135,113,105,107,110,124,199,199,200,118,115,117,146,194,199,144,137,136,137,129,173,190,143,134,132,130,187,233,250,187,147,144,186,232
26,321.2461180.3029717,Right on the Lake! Killer Views from the shared Massive Deck.,,,,,,,,,,,,,,,,,,,,,,,,,,,,,,,,,,,,,,,,,,,,,,,,,,,,,,,,,,,
27,321.2302833.2868955,üåπ20th Floor Gold Coast Lux Apt w/ Pool and Gym üåπ,149,149,149,199,199,159,149,149,149,149,199,199,159,149,149,149,149,199,199,159,149,149,149,149,199,199,159,149,149,149,149,199,199,159,149,149,149,149,199,199,159,149,149,149,149,199,199,159,149,149,149,149,199,199,159,149,149,149,149
28,321.2208686.2773240,A1 Chic Spotless 1BR | Close to Everything | Boystown,,,,,,,,,,,,,,,,,,,,,,,,,,,,,,,,,,,,,,,,,,,,,,,,,,,,,,,,,,,
29,121.4773516.5758546,Urban Glamour in a great neighborhood,90,120,120,160,160,120,90,90,120,120,160,160,120,90,90,120,120,160,160,120,90,90,120,120,160,160,120,90,90,120,120,160,160,120,90,90,120,120,160,160,120,90,90,120,120,160,160,120,90,90,120,120,160,160,120,90,90,120,120
30,321.2267961.2832835,O2S 1-Bedroom Apt 3-min to train to Chicago Downtown,,,,,,,,,,,,,,,,,,,,,,,,,,,,,,,,,,,,,,,,,,,,,,,,,,,,,,,,,,,
31,321.1892404.2454917,Kasa | Captivating Studio with Airy Balcony | River North,114,114,114,125,132,114,114,114,114,114,146,188,118,115,115,116,139,187,188,121,121,134,130,151,212,209,142,134,132,123,145,208,223,156,118,119,129,159,227,223,134,121,144,143,172,239,253,155,150,147,126,193,271,297,173,154,145,193,229
32,321.1594997.2156292,Airbnb  Old Town Chicago.,169,169,169,169,169,169,169,169,169,169,169,169,169,169,169,169,169,169,169,169,169,169,169,169,169,169,169,169,169,169,169,169,169,169,169,169,169,169,169,169,169,169,169,169,169,169,169,169,169,169,169,169,169,169,169,169,169,169,169
33,321.2033190.2597710,A luxurious lakefront condo with beautiful views and more..,70,70,70,125,125,70,70,70,70,70,125,125,70,70,70,70,70,125,125,70,70,70,70,70,125,125,70,70,70,70,70,125,125,70,70,70,70,70,125,125,70,70,70,70,70,125,125,70,70,70,70,70,125,125,70,70,70,70,70
34,321.1881880.2444391,*Hidden Gem in Chicago,109,109,109,129,129,99,109,109,109,109,129,129,99,109,109,109,109,129,129,99,109,109,109,109,129,129,99,109,109,109,109,129,129,99,109,109,109,109,129,129,99,109,109,109,109,129,129,99,109,109,109,109,129,129,99,109,109,109,109
35,321.2077100.2641633,2 bedroom 2 bathroom historical loft,119,119,119,119,119,119,119,119,119,119,119,119,119,119,119,119,119,119,119,119,119,119,119,119,119,119,119,119,119,119,119,119,119,119,119,119,119,119,119,119,119,119,119,119,119,119,119,119,119,119,119,119,119,119,119,119,119,119,119
36,321.971644.1519599,"Best Location! Luxury 51st FL Amazing Views of Lake & City, Hotel-like Amenities",150,150,150,150,150,150,150,150,150,150,150,150,150,150,153,153,153,153,153,153,153,153,153,153,153,153,153,153,153,153,153,153,153,153,153,153,153,153,153,153,153,153,155,155,155,155,155,155,155,155,155,155,155,155,155,155,155,155,155
37,121.9578314.8658104,Sonder | South Wabash | Spacious One-Bedroom Apartment w/ City View,120,98,96,136,175,107,113,117,114,119,160,190,134,106,106,109,125,151,163,114,111,112,97,109,165,203,106,106,106,107,114,166,181,106,104,96,105,129,165,144,96,96,104,104,119,176,189,125,114,109,113,111,147,162,120,167,156,160,227
38,321.2426698.2994435,Lovely 700 sq ft Condo with Private Balcony,130,130,130,130,130,130,130,130,130,130,130,130,130,130,130,130,130,130,130,130,130,130,130,130,130,130,130,130,130,130,130,130,130,130,130,130,130,130,130,130,130,130,130,130,130,130,130,130,130,130,130,130,130,130,130,130,130,130,130
39,321.2267983.2832857,MG4 Well equipped Clean 1BR near Chicago highlights,,,,,,,,,,,,,,,,,,,,,,,,,,,,,,,,,,,,,,,,,,,,,,,,,,,,,,,,,,,
40,321.2111087.2675621,"5min to Wicker, Dtown | Quiet Flat + W&D | Zencity",,,,,,,,,,,,,,,,,,,,,,,,,,,,,,,,,,,,,,,,,,,,,,,,,,,,,,,,,,,
41,321.626053.1173834,"52th Floor Penthouse - Fireplace, VIEWS, grocery store in building.",142,142,156,167,225,166,142,143,143,157,168,227,168,200,200,200,220,229,294,229,194,194,124,124,149,149,149,149,200,200,220,199,199,220,200,200,200,220,235,235,220,334,338,338,380,389,389,380,326,326,326,367,376,376,367,321,321,321,361
42,321.1999810.2564327,Don't miss out on this one!,80,80,80,115,115,80,80,80,80,80,95,95,80,75,80,80,80,115,115,80,80,80,80,80,115,115,80,80,80,80,80,115,115,80,80,80,80,80,115,115,80,80,80,80,80,115,115,80,80,80,80,80,115,115,80,80,80,80,80
43,121.9580231.8660021,Sonder | The Plymouth | Two-Bedroom Apartment,83,86,130,259,201,97,89,89,89,96,141,142,91,92,92,95,148,528,528,175,189,203,317,243,218,217,164,149,176,176,171,462,476,315,195,195,200,240,232,237,197,134,151,124,168,215,215,161,146,171,198,155,264,272,189,235,178,230,363
44,321.2120239.2684773,Loftium | Sunny Suite Near all what Logan Square Offers!,50,50,50,50,53,50,50,50,50,50,51,57,50,50,50,50,50,59,63,52,51,51,53,60,69,73,63,60,60,65,73,115,123,102,81,77,89,102,130,150,134,118,117,95,108,141,157,131,120,119,117,136,178,189,153,142,135,135,157
45,321.2122654.2687188,Loftium | Marvelous Penthouse Suite Filled W/ Natural Light,45,45,45,48,50,45,45,45,45,45,48,53,45,45,45,45,45,55,59,46,45,45,46,52,64,68,56,52,51,56,64,111,118,95,78,66,78,90,119,136,117,103,104,84,94,128,145,115,104,104,104,118,159,171,134,124,118,120,140
46,121.9581309.8661099,Sonder at Grant Park | Superior Studio Apartment w/ Lake View,113,111,119,249,164,125,110,109,109,110,128,167,124,112,117,120,130,198,180,101,101,96,105,114,188,248,112,132,107,94,96,189,192,111,98,98,94,119,165,168,106,94,98,96,101,164,235,105,134,97,104,108,165,248,146,169,186,176,197
47,321.1977825.2542342,"Kasa Chicago | Charming 1BD/1BA + Den, Walk to Red Line | South Loop",109,109,109,139,143,116,117,116,122,129,183,166,109,109,109,109,114,168,178,131,114,130,127,130,172,173,131,120,122,122,124,200,205,161,126,126,127,136,206,210,146,134,167,165,179,300,303,213,194,178,143,189,236,246,195,173,162,200,202
48,321.2053272.2617792,Steps to DePaul Campus | Walkup + W&D | Zencity,,,,,,,,,,,,,,,,,,,,,,,,,,,,,,,,,,,,,,,,,,,,,,,,,,,,,,,,,,,
49,321.2375080.2941592,"LK1 1BR West Loop Apt, In-Unit Laundry, Public Parking",,,,,,,,,,,,,,,,,,,,,,,,,,,,,,,,,,,,,,,,,,,,,,,,,,,,,,,,,,,
